IMG_7454.JPG,1,A
IMG_7455.JPG,2,A
IMG_7456.JPG,3,A
IMG_7457.JPG,4,A
IMG_7458.JPG,5,A
IMG_7459.JPG,6,A
IMG_7460.JPG,7,A
IMG_7461.JPG,8,A
IMG_7462.JPG,9,A
IMG_7463.JPG,10,A
IMG_7464.JPG,11,A
IMG_7465.JPG,12,A
IMG_7466.JPG,13,A
IMG_7467.JPG,14,A
IMG_7468.JPG,15,A
IMG_7469.JPG,16,A
IMG_7470.JPG,17,A
IMG_7471.JPG,18,A
IMG_7472.JPG,19,A
IMG_7473.JPG,20,A
IMG_7474.JPG,21,A
IMG_7475.JPG,22,A
IMG_7476.JPG,23,A
IMG_7477.JPG,24,A
IMG_7478.JPG,25,A
IMG_7479.JPG,26,A
IMG_7480.JPG,27,A
IMG_7481.JPG,28,A
IMG_7482.JPG,29,A
IMG_7483.JPG,30,A
IMG_7484.JPG,31,A
IMG_7485.JPG,32,A
IMG_7486.JPG,33,A
IMG_7487.JPG,34,A
IMG_7488.JPG,35,A
IMG_7489.JPG,36,A
IMG_7490.JPG,37,A
IMG_7491.JPG,38,A
IMG_7492.JPG,39,A
IMG_7493.JPG,40,A
IMG_7494.JPG,41,A
IMG_7495.JPG,42,A
IMG_7496.JPG,43,A
IMG_7497.JPG,44,A
IMG_7498.JPG,45,A
IMG_7499.JPG,46,A
IMG_7500.JPG,47,A
IMG_7501.JPG,48,A
IMG_7502.JPG,49,A
IMG_7503.JPG,50,A
IMG_7504.JPG,51,A
IMG_7505.JPG,52,A
IMG_7506.JPG,53,A
IMG_7507.JPG,54,A
IMG_7508.JPG,55,A
IMG_7509.JPG,56,A
IMG_7510.JPG,57,A
IMG_7511.JPG,58,A
IMG_7512.JPG,59,A
IMG_7513.JPG,60,A
IMG_7546.JPG,1,B
IMG_7547.JPG,2,B
IMG_7548.JPG,3,B
IMG_7549.JPG,4,B
IMG_7550.JPG,5,B
IMG_7551.JPG,6,B
IMG_7552.JPG,7,B
IMG_7553.JPG,8,B
IMG_7554.JPG,9,B
IMG_7555.JPG,10,B
IMG_7556.JPG,11,B
IMG_7557.JPG,12,B
IMG_7558.JPG,13,B
IMG_7559.JPG,14,B
IMG_7560.JPG,15,B
IMG_7561.JPG,16,B
IMG_7562.JPG,17,B
IMG_7563.JPG,18,B
IMG_7564.JPG,19,B
IMG_7565.JPG,20,B
IMG_7566.JPG,21,B
IMG_7567.JPG,22,B
IMG_7568.JPG,23,B
IMG_7569.JPG,24,B
IMG_7570.JPG,25,B
IMG_7571.JPG,26,B
IMG_7572.JPG,27,B
IMG_7573.JPG,28,B
IMG_7574.JPG,29,B
IMG_7575.JPG,30,B
IMG_7576.JPG,31,B
IMG_7577.JPG,32,B
IMG_7578.JPG,33,B
IMG_7579.JPG,34,B
IMG_7580.JPG,35,B
IMG_7581.JPG,36,B
IMG_7582.JPG,37,B
IMG_7583.JPG,38,B
IMG_7584.JPG,39,B
IMG_7585.JPG,40,B
IMG_7586.JPG,41,B
IMG_7587.JPG,42,B
IMG_7588.JPG,43,B
IMG_7589.JPG,44,B
IMG_7590.JPG,45,B
IMG_7591.JPG,46,B
IMG_7592.JPG,47,B
IMG_7593.JPG,48,B
IMG_7594.JPG,49,B
IMG_7595.JPG,50,B
IMG_7596.JPG,51,B
IMG_7597.JPG,52,B
IMG_7598.JPG,53,B
IMG_7599.JPG,54,B
IMG_7600.JPG,55,B
IMG_7601.JPG,56,B
IMG_7602.JPG,57,B
IMG_7603.JPG,58,B
IMG_7604.JPG,59,B
IMG_7605.JPG,60,B
IMG_7606.JPG,61,B
IMG_7607.JPG,62,B
IMG_7608.JPG,63,B
IMG_7609.JPG,64,B
IMG_7610.JPG,65,B
IMG_7611.JPG,66,B
IMG_7612.JPG,67,B
IMG_7613.JPG,68,B
IMG_7614.JPG,69,B
IMG_7615.JPG,70,B
IMG_7616.JPG,71,B
IMG_7617.JPG,72,B
IMG_7736.JPG,1,C
IMG_7737.JPG,2,C
IMG_7738.JPG,3,C
IMG_7739.JPG,4,C
IMG_7740.JPG,5,C
IMG_7741.JPG,6,C
IMG_7742.JPG,7,C
IMG_7743.JPG,8,C
IMG_7744.JPG,9,C
IMG_7745.JPG,10,C
IMG_7746.JPG,11,C
IMG_7747.JPG,12,C
IMG_7748.JPG,13,C
IMG_7749.JPG,14,C
IMG_7750.JPG,15,C
IMG_7751.JPG,16,C
IMG_7752.JPG,17,C
IMG_7753.JPG,18,C
IMG_7754.JPG,19,C
IMG_7755.JPG,20,C
IMG_7756.JPG,21,C
IMG_7757.JPG,22,C
IMG_7758.JPG,23,C
IMG_7759.JPG,24,C
IMG_7760.JPG,25,C
IMG_7761.JPG,26,C
IMG_7762.JPG,27,C
IMG_7763.JPG,28,C
IMG_7764.JPG,29,C
IMG_7765.JPG,30,C
IMG_7766.JPG,31,C
IMG_7767.JPG,32,C
IMG_7768.JPG,33,C
IMG_7769.JPG,34,C
IMG_7770.JPG,35,C
IMG_7771.JPG,36,C
IMG_7772.JPG,37,C
IMG_7773.JPG,38,C
IMG_7774.JPG,39,C
IMG_7775.JPG,40,C
IMG_7776.JPG,41,C
IMG_7777.JPG,42,C
IMG_7778.JPG,43,C
IMG_7779.JPG,44,C
IMG_7780.JPG,45,C
IMG_7781.JPG,46,C
IMG_7782.JPG,47,C
IMG_7783.JPG,48,C
IMG_7784.JPG,49,C
IMG_7785.JPG,50,C
IMG_7786.JPG,51,C
IMG_7787.JPG,52,C
IMG_7788.JPG,53,C
IMG_7789.JPG,54,C
IMG_7790.JPG,55,C
IMG_7791.JPG,56,C
IMG_7792.JPG,57,C
IMG_7793.JPG,58,C
IMG_7794.JPG,59,C
IMG_7795.JPG,60,C
IMG_7796.JPG,61,C
IMG_7797.JPG,62,C
IMG_7798.JPG,63,C
IMG_7799.JPG,64,C
IMG_7800.JPG,65,C
IMG_7801.JPG,66,C
IMG_7802.JPG,67,C
IMG_7803.JPG,68,C
IMG_7804.JPG,69,C
IMG_7805.JPG,70,C
IMG_7806.JPG,71,C
IMG_7807.JPG,72,C
IMG_7808.JPG,73,C
IMG_7809.JPG,74,C
IMG_7810.JPG,75,C
IMG_7811.JPG,76,C
IMG_7812.JPG,77,C
IMG_7813.JPG,78,C
IMG_7814.JPG,79,C
IMG_7815.JPG,80,C
IMG_7816.JPG,81,C
IMG_7817.JPG,82,C
IMG_7818.JPG,83,C
IMG_7819.JPG,84,C
IMG_7820.JPG,85,C
IMG_7821.JPG,86,C
IMG_7822.JPG,87,C
IMG_7823.JPG,88,C
IMG_7824.JPG,89,C
IMG_7825.JPG,90,C
IMG_7826.JPG,91,C
IMG_7827.JPG,92,C
IMG_7828.JPG,93,C
IMG_7829.JPG,94,C
IMG_7830.JPG,95,C
IMG_7831.JPG,96,C
IMG_7832.JPG,97,C
IMG_7833.JPG,98,C
IMG_7834.JPG,99,C
IMG_7835.JPG,100,C
IMG_7836.JPG,101,C
IMG_7837.JPG,102,C
IMG_7838.JPG,103,C
IMG_7839.JPG,104,C
IMG_7840.JPG,105,C
IMG_7841.JPG,106,C
IMG_7842.JPG,107,C
IMG_7843.JPG,108,C
IMG_7844.JPG,109,C
IMG_7845.JPG,110,C
IMG_7846.JPG,111,C
IMG_7847.JPG,112,C
IMG_7848.JPG,113,C
IMG_7849.JPG,114,C
IMG_7850.JPG,115,C
IMG_7851.JPG,116,C
IMG_7852.JPG,117,C
IMG_7853.JPG,118,C
IMG_7854.JPG,119,C
IMG_7855.JPG,120,C
IMG_7987.JPG,1,D
IMG_7988.JPG,2,D
IMG_7989.JPG,3,D
IMG_7990.JPG,4,D
IMG_7991.JPG,5,D
IMG_7992.JPG,6,D
IMG_7993.JPG,7,D
IMG_7994.JPG,8,D
IMG_7995.JPG,9,D
IMG_7996.JPG,10,D
IMG_7997.JPG,11,D
IMG_7998.JPG,12,D
IMG_7999.JPG,13,D
IMG_8000.JPG,14,D
IMG_8001.JPG,15,D
IMG_8002.JPG,16,D
IMG_8003.JPG,17,D
IMG_8004.JPG,18,D
IMG_8005.JPG,19,D
IMG_8006.JPG,20,D
IMG_8007.JPG,21,D
IMG_8008.JPG,23,D
IMG_8009.JPG,24,D
IMG_8010.JPG,25,D
IMG_8011.JPG,26,D
IMG_8012.JPG,27,D
IMG_8013.JPG,28,D
IMG_8014.JPG,29,D
IMG_8015.JPG,30,D
IMG_8016.JPG,31,D
IMG_8017.JPG,32,D
IMG_8018.JPG,33,D
IMG_8019.JPG,34,D
IMG_8020.JPG,35,D
IMG_8021.JPG,36,D
IMG_8022.JPG,37,D
IMG_8023.JPG,38,D
IMG_8024.JPG,39,D
IMG_8025.JPG,40,D
IMG_8026.JPG,41,D
IMG_8027.JPG,42,D
IMG_8028.JPG,43,D
IMG_8029.JPG,44,D
IMG_8030.JPG,45,D
IMG_8031.JPG,46,D
IMG_8032.JPG,47,D
IMG_8033.JPG,48,D
IMG_8034.JPG,49,D
IMG_8035.JPG,50,D
IMG_8036.JPG,51,D
IMG_8037.JPG,52,D
IMG_8038.JPG,53,D
IMG_8039.JPG,54,D
IMG_8040.JPG,55,D
IMG_8041.JPG,56,D
IMG_8042.JPG,57,D
IMG_8043.JPG,58,D
IMG_8044.JPG,59,D
IMG_8045.JPG,60,D
IMG_8046.JPG,61,D
IMG_8047.JPG,62,D
IMG_8048.JPG,63,D
IMG_8049.JPG,64,D
IMG_8050.JPG,65,D
IMG_8051.JPG,66,D
IMG_8052.JPG,67,D
IMG_8053.JPG,68,D
IMG_8054.JPG,69,D
IMG_8055.JPG,70,D
IMG_8056.JPG,71,D
IMG_8057.JPG,72,D
IMG_8058.JPG,73,D
IMG_8059.JPG,74,D
IMG_8060.JPG,75,D
IMG_8061.JPG,76,D
IMG_8062.JPG,77,D
IMG_8063.JPG,78,D
IMG_8064.JPG,79,D
IMG_8065.JPG,80,D
IMG_8066.JPG,81,D
IMG_8067.JPG,82,D
IMG_8068.JPG,83,D
IMG_8069.JPG,84,D
IMG_8070.JPG,85,D
IMG_8071.JPG,86,D
IMG_8072.JPG,87,D
IMG_8073.JPG,88,D
IMG_8074.JPG,89,D
IMG_8075.JPG,90,D
IMG_8076.JPG,91,D
IMG_8077.JPG,92,D
IMG_8078.JPG,93,D
IMG_8079.JPG,94,D
IMG_8080.JPG,95,D
IMG_8081.JPG,96,D
IMG_8082.JPG,97,D
IMG_8083.JPG,98,D
IMG_8084.JPG,99,D
IMG_8085.JPG,100,D
IMG_8086.JPG,101,D
IMG_8087.JPG,102,D
IMG_8088.JPG,103,D
IMG_8089.JPG,104,D
IMG_8090.JPG,105,D
IMG_8091.JPG,106,D
IMG_8092.JPG,107,D
IMG_8093.JPG,108,D
IMG_8094.JPG,109,D
IMG_8095.JPG,110,D
IMG_8096.JPG,111,D
IMG_8097.JPG,112,D
IMG_8098.JPG,113,D
IMG_8099.JPG,114,D
IMG_8100.JPG,115,D
IMG_8101.JPG,116,D
IMG_8102.JPG,117,D
IMG_8103.JPG,118,D
IMG_8104.JPG,119,D
IMG_8105.JPG,120,D
IMG_8158.JPG,1,E
IMG_8159.JPG,2,E
IMG_8160.JPG,3,E
IMG_8161.JPG,4,E
IMG_8162.JPG,5,E
IMG_8163.JPG,6,E
IMG_8164.JPG,7,E
IMG_8165.JPG,8,E
IMG_8166.JPG,9,E
IMG_8167.JPG,10,E
IMG_8168.JPG,11,E
IMG_8169.JPG,12,E
IMG_8170.JPG,13,E
IMG_8171.JPG,14,E
IMG_8172.JPG,15,E
IMG_8173.JPG,16,E
IMG_8174.JPG,17,E
IMG_8175.JPG,18,E
IMG_8176.JPG,19,E
IMG_8177.JPG,20,E
IMG_8178.JPG,21,E
IMG_8179.JPG,22,E
IMG_8180.JPG,23,E
IMG_8181.JPG,24,E
IMG_8182.JPG,25,E
IMG_8183.JPG,26,E
IMG_8184.JPG,27,E
IMG_8185.JPG,28,E
IMG_8186.JPG,29,E
IMG_8187.JPG,30,E
IMG_8188.JPG,31,E
IMG_8189.JPG,32,E
IMG_8190.JPG,33,E
IMG_8191.JPG,34,E
IMG_8192.JPG,35,E
IMG_8193.JPG,36,E
IMG_8194.JPG,37,E
IMG_8195.JPG,38,E
IMG_8196.JPG,39,E
IMG_8197.JPG,40,E
IMG_8198.JPG,41,E
IMG_8199.JPG,42,E
IMG_8200.JPG,43,E
IMG_8201.JPG,44,E
IMG_8202.JPG,45,E
IMG_8203.JPG,46,E
IMG_8204.JPG,47,E
IMG_8205.JPG,48,E
IMG_8206.JPG,49,E
IMG_8207.JPG,50,E
IMG_8208.JPG,51,E
IMG_8209.JPG,52,E
IMG_8210.JPG,53,E
IMG_8211.JPG,54,E
IMG_8212.JPG,55,E
IMG_8213.JPG,56,E
IMG_8214.JPG,57,E
IMG_8215.JPG,58,E
IMG_8216.JPG,59,E
IMG_8217.JPG,60,E
IMG_8218.JPG,61,E
IMG_8219.JPG,62,E
IMG_8220.JPG,63,E
IMG_8221.JPG,64,E
IMG_8222.JPG,65,E
IMG_8223.JPG,66,E
IMG_8224.JPG,67,E
IMG_8225.JPG,68,E
IMG_8226.JPG,69,E
IMG_8227.JPG,70,E
IMG_8228.JPG,71,E
IMG_8229.JPG,72,E
IMG_8230.JPG,73,E
IMG_8231.JPG,74,E
IMG_8232.JPG,75,E
IMG_8233.JPG,76,E
IMG_8234.JPG,77,E
IMG_8235.JPG,78,E
IMG_8236.JPG,79,E
IMG_8237.JPG,80,E
IMG_8238.JPG,81,E
IMG_8239.JPG,82,E
IMG_8240.JPG,83,E
IMG_8242.JPG,84,E
IMG_8243.JPG,85,E
IMG_8244.JPG,86,E
IMG_8245.JPG,87,E
IMG_8246.JPG,88,E
IMG_8247.JPG,89,E
IMG_8248.JPG,90,E
IMG_8249.JPG,91,E
IMG_8250.JPG,92,E
IMG_8251.JPG,93,E
IMG_8252.JPG,94,E
IMG_8253.JPG,95,E
IMG_8254.JPG,96,E
IMG_8255.JPG,97,E
IMG_8256.JPG,98,E
IMG_8257.JPG,99,E
IMG_8258.JPG,100,E
IMG_8259.JPG,101,E
IMG_8260.JPG,102,E
IMG_8261.JPG,103,E
IMG_8262.JPG,104,E
IMG_8263.JPG,105,E
IMG_8264.JPG,106,E
IMG_8265.JPG,107,E
IMG_8266.JPG,108,E
IMG_8267.JPG,109,E
IMG_8268.JPG,110,E
IMG_8269.JPG,111,E
IMG_8270.JPG,112,E
IMG_8271.JPG,113,E
IMG_8272.JPG,114,E
IMG_8273.JPG,115,E
IMG_8274.JPG,116,E
IMG_8275.JPG,117,E
IMG_8276.JPG,118,E
IMG_8277.JPG,119,E
IMG_8278.JPG,120,E
IMG_8308.JPG,1,F
IMG_8309.JPG,2,F
IMG_8310.JPG,3,F
IMG_8311.JPG,4,F
IMG_8312.JPG,5,F
IMG_8313.JPG,6,F
IMG_8314.JPG,7,F
IMG_8315.JPG,8,F
IMG_8316.JPG,9,F
IMG_8317.JPG,10,F
IMG_8318.JPG,11,F
IMG_8319.JPG,12,F
IMG_8320.JPG,13,F
IMG_8321.JPG,14,F
IMG_8322.JPG,15,F
IMG_8323.JPG,16,F
IMG_8324.JPG,17,F
IMG_8325.JPG,18,F
IMG_8326.JPG,19,F
IMG_8327.JPG,20,F
IMG_8328.JPG,21,F
IMG_8329.JPG,22,F
IMG_8330.JPG,23,F
IMG_8331.JPG,24,F
IMG_8332.JPG,25,F
IMG_8333.JPG,26,F
IMG_8334.JPG,27,F
IMG_8335.JPG,28,F
IMG_8336.JPG,29,F
IMG_8337.JPG,30,F
IMG_8338.JPG,31,F
IMG_8339.JPG,32,F
IMG_8340.JPG,33,F
IMG_8341.JPG,34,F
IMG_8342.JPG,35,F
IMG_8343.JPG,36,F
IMG_8344.JPG,37,F
IMG_8345.JPG,38,F
IMG_8346.JPG,39,F
IMG_8347.JPG,40,F
IMG_8348.JPG,41,F
IMG_8349.JPG,42,F
IMG_8350.JPG,43,F
IMG_8351.JPG,44,F
IMG_8352.JPG,45,F
IMG_8353.JPG,46,F
IMG_8354.JPG,47,F
IMG_8355.JPG,48,F
IMG_8356.JPG,49,F
IMG_8357.JPG,50,F
IMG_8358.JPG,51,F
IMG_8359.JPG,52,F
IMG_8360.JPG,53,F
IMG_8361.JPG,54,F
IMG_8362.JPG,55,F
IMG_8363.JPG,56,F
IMG_8364.JPG,57,F
IMG_8365.JPG,58,F
IMG_8366.JPG,59,F
IMG_8367.JPG,60,F
IMG_8368.JPG,61,F
IMG_8369.JPG,62,F
IMG_8370.JPG,63,F
IMG_8371.JPG,64,F
IMG_8372.JPG,65,F
IMG_8373.JPG,66,F
IMG_8374.JPG,67,F
IMG_8375.JPG,68,F
IMG_8376.JPG,69,F
IMG_8377.JPG,70,F
IMG_8378.JPG,71,F
IMG_8379.JPG,72,F
IMG_8380.JPG,73,F
IMG_8381.JPG,74,F
IMG_8382.JPG,75,F
IMG_8383.JPG,76,F
IMG_8384.JPG,77,F
IMG_8385.JPG,78,F
IMG_8386.JPG,79,F
IMG_8387.JPG,80,F
IMG_8388.JPG,81,F
IMG_8389.JPG,82,F
IMG_8390.JPG,83,F
IMG_8391.JPG,84,F
IMG_8392.JPG,85,F
IMG_8393.JPG,86,F
IMG_8394.JPG,87,F
IMG_8395.JPG,88,F
IMG_8396.JPG,89,F
IMG_8397.JPG,90,F
IMG_8398.JPG,91,F
IMG_8399.JPG,92,F
IMG_8400.JPG,93,F
IMG_8401.JPG,94,F
IMG_8402.JPG,95,F
IMG_8403.JPG,96,F
IMG_8404.JPG,97,F
IMG_8405.JPG,98,F
IMG_8406.JPG,99,F
IMG_8407.JPG,100,F
IMG_8408.JPG,101,F
IMG_8409.JPG,102,F
IMG_8410.JPG,103,F
IMG_8411.JPG,104,F
IMG_8412.JPG,105,F
IMG_8413.JPG,106,F
IMG_8414.JPG,107,F
IMG_8415.JPG,108,F
IMG_8416.JPG,109,F
IMG_8417.JPG,110,F
IMG_8418.JPG,111,F
IMG_8419.JPG,112,F
IMG_8420.JPG,113,F
IMG_8421.JPG,114,F
IMG_8422.JPG,115,F
IMG_8423.JPG,116,F
IMG_8424.JPG,117,F
IMG_8425.JPG,118,F
IMG_8426.JPG,119,F
IMG_8427.JPG,120,F
IMG_8429.JPG,1,G
IMG_8430.JPG,2,G
IMG_8431.JPG,3,G
IMG_8432.JPG,4,G
IMG_8433.JPG,5,G
IMG_8434.JPG,6,G
IMG_8435.JPG,7,G
IMG_8436.JPG,8,G
IMG_8437.JPG,9,G
IMG_8438.JPG,10,G
IMG_8439.JPG,11,G
IMG_8440.JPG,12,G
IMG_8441.JPG,13,G
IMG_8442.JPG,14,G
IMG_8443.JPG,15,G
IMG_8444.JPG,16,G
IMG_8445.JPG,17,G
IMG_8446.JPG,18,G
IMG_8447.JPG,19,G
IMG_8448.JPG,20,G
IMG_8449.JPG,21,G
IMG_8450.JPG,22,G
IMG_8451.JPG,23,G
IMG_8452.JPG,24,G
IMG_8453.JPG,25,G
IMG_8454.JPG,26,G
IMG_8455.JPG,27,G
IMG_8456.JPG,28,G
IMG_8457.JPG,29,G
IMG_8458.JPG,30,G
IMG_8459.JPG,31,G
IMG_8460.JPG,32,G
IMG_8461.JPG,33,G
IMG_8462.JPG,34,G
IMG_8463.JPG,35,G
IMG_8464.JPG,36,G
IMG_8465.JPG,37,G
IMG_8466.JPG,38,G
IMG_8467.JPG,39,G
IMG_8468.JPG,40,G
IMG_8469.JPG,41,G
IMG_8470.JPG,42,G
IMG_8471.JPG,43,G
IMG_8472.JPG,44,G
IMG_8473.JPG,45,G
IMG_8474.JPG,46,G
IMG_8475.JPG,47,G
IMG_8476.JPG,48,G
IMG_8477.JPG,49,G
IMG_8478.JPG,50,G
IMG_8479.JPG,51,G
IMG_8480.JPG,52,G
IMG_8481.JPG,53,G
IMG_8482.JPG,54,G
IMG_8483.JPG,55,G
IMG_8484.JPG,56,G
IMG_8485.JPG,57,G
IMG_8486.JPG,58,G
IMG_8487.JPG,59,G
IMG_8488.JPG,60,G
IMG_8489.JPG,61,G
IMG_8490.JPG,62,G
IMG_8491.JPG,63,G
IMG_8492.JPG,64,G
IMG_8493.JPG,65,G
IMG_8494.JPG,66,G
IMG_8495.JPG,67,G
IMG_8496.JPG,68,G
IMG_8497.JPG,69,G
IMG_8498.JPG,70,G
IMG_8499.JPG,71,G
IMG_8500.JPG,72,G
IMG_8501.JPG,73,G
IMG_8502.JPG,74,G
IMG_8503.JPG,75,G
IMG_8504.JPG,76,G
IMG_8505.JPG,77,G
IMG_8506.JPG,78,G
IMG_8507.JPG,79,G
IMG_8508.JPG,80,G
IMG_8509.JPG,81,G
IMG_8510.JPG,82,G
IMG_8511.JPG,83,G
IMG_8512.JPG,84,G
IMG_8513.JPG,85,G
IMG_8514.JPG,86,G
IMG_8515.JPG,87,G
IMG_8516.JPG,88,G
IMG_8517.JPG,89,G
IMG_8518.JPG,90,G
IMG_8519.JPG,91,G
IMG_8520.JPG,92,G
IMG_8521.JPG,93,G
IMG_8522.JPG,94,G
IMG_8523.JPG,95,G
IMG_8524.JPG,96,G
IMG_8525.JPG,97,G
IMG_8526.JPG,98,G
IMG_8527.JPG,99,G
IMG_8528.JPG,100,G
IMG_8529.JPG,101,G
IMG_8530.JPG,102,G
IMG_8531.JPG,103,G
IMG_8532.JPG,104,G
IMG_8533.JPG,105,G
IMG_8534.JPG,106,G
IMG_8535.JPG,107,G
IMG_8536.JPG,108,G
IMG_8537.JPG,109,G
IMG_8538.JPG,110,G
IMG_8539.JPG,111,G
IMG_8540.JPG,112,G
IMG_8541.JPG,113,G
IMG_8542.JPG,114,G
IMG_8543.JPG,115,G
IMG_8544.JPG,116,G
IMG_8545.JPG,117,G
IMG_8546.JPG,118,G
IMG_8547.JPG,119,G
IMG_8548.JPG,120,G
IMG_8549.JPG,1,H
IMG_8550.JPG,2,H
IMG_8551.JPG,3,H
IMG_8552.JPG,4,H
IMG_8553.JPG,5,H
IMG_8554.JPG,6,H
IMG_8555.JPG,7,H
IMG_8556.JPG,8,H
IMG_8557.JPG,9,H
IMG_8558.JPG,10,H
IMG_8559.JPG,11,H
IMG_8560.JPG,12,H
IMG_8561.JPG,13,H
IMG_8562.JPG,14,H
IMG_8563.JPG,15,H
IMG_8564.JPG,16,H
IMG_8565.JPG,17,H
IMG_8566.JPG,18,H
IMG_8567.JPG,19,H
IMG_8568.JPG,20,H
IMG_8569.JPG,21,H
IMG_8570.JPG,22,H
IMG_8571.JPG,23,H
IMG_8572.JPG,24,H
IMG_8573.JPG,25,H
IMG_8574.JPG,26,H
IMG_8575.JPG,27,H
IMG_8576.JPG,28,H
IMG_8577.JPG,29,H
IMG_8578.JPG,30,H
IMG_8579.JPG,31,H
IMG_8580.JPG,32,H
IMG_8581.JPG,33,H
IMG_8582.JPG,34,H
IMG_8583.JPG,35,H
IMG_8584.JPG,36,H
IMG_8585.JPG,37,H
IMG_8586.JPG,38,H
IMG_8587.JPG,39,H
IMG_8588.JPG,40,H
IMG_8589.JPG,41,H
IMG_8590.JPG,42,H
IMG_8591.JPG,43,H
IMG_8592.JPG,44,H
IMG_8593.JPG,45,H
IMG_8594.JPG,46,H
IMG_8595.JPG,47,H
IMG_8596.JPG,48,H
IMG_8597.JPG,49,H
IMG_8598.JPG,50,H
IMG_8599.JPG,51,H
IMG_8600.JPG,52,H
IMG_8601.JPG,53,H
IMG_8602.JPG,54,H
IMG_8603.JPG,55,H
IMG_8604.JPG,56,H
IMG_8605.JPG,57,H
IMG_8606.JPG,58,H
IMG_8607.JPG,59,H
IMG_8608.JPG,60,H
IMG_8609.JPG,61,H
IMG_8610.JPG,62,H
IMG_8611.JPG,63,H
IMG_8612.JPG,64,H
IMG_8613.JPG,65,H
IMG_8614.JPG,66,H
IMG_8615.JPG,67,H
IMG_8616.JPG,68,H
IMG_8617.JPG,69,H
IMG_8618.JPG,70,H
IMG_8619.JPG,71,H
IMG_8620.JPG,72,H
IMG_8621.JPG,73,H
IMG_8622.JPG,74,H
IMG_8623.JPG,75,H
IMG_8624.JPG,76,H
IMG_8625.JPG,77,H
IMG_8626.JPG,78,H
IMG_8627.JPG,79,H
IMG_8628.JPG,80,H
IMG_8629.JPG,81,H
IMG_8630.JPG,82,H
IMG_8631.JPG,83,H
IMG_8632.JPG,84,H
IMG_8633.JPG,85,H
IMG_8634.JPG,86,H
IMG_8635.JPG,87,H
IMG_8636.JPG,88,H
IMG_8637.JPG,89,H
IMG_8638.JPG,90,H
IMG_8639.JPG,91,H
IMG_8640.JPG,92,H
IMG_8641.JPG,93,H
IMG_8642.JPG,94,H
IMG_8643.JPG,95,H
IMG_8644.JPG,96,H
IMG_8645.JPG,97,H
IMG_8646.JPG,98,H
IMG_8647.JPG,99,H
IMG_8648.JPG,100,H
IMG_8649.JPG,101,H
IMG_8650.JPG,102,H
IMG_8651.JPG,103,H
IMG_8652.JPG,104,H
IMG_8653.JPG,105,H
IMG_8654.JPG,106,H
IMG_8655.JPG,107,H
IMG_8656.JPG,108,H
IMG_8657.JPG,109,H
IMG_8658.JPG,110,H
IMG_8659.JPG,111,H
IMG_8660.JPG,112,H
IMG_8661.JPG,113,H
IMG_8662.JPG,114,H
IMG_8663.JPG,115,H
IMG_8664.JPG,116,H
IMG_8665.JPG,117,H
IMG_8666.JPG,118,H
IMG_8667.JPG,119,H
IMG_8668.JPG,120,H
IMG_8674.JPG,1,I
IMG_8675.JPG,2,I
IMG_8676.JPG,3,I
IMG_8677.JPG,4,I
IMG_8678.JPG,5,I
IMG_8679.JPG,6,I
IMG_8680.JPG,7,I
IMG_8681.JPG,8,I
IMG_8682.JPG,9,I
IMG_8683.JPG,10,I
IMG_8684.JPG,11,I
IMG_8685.JPG,12,I
IMG_8686.JPG,13,I
IMG_8687.JPG,14,I
IMG_8688.JPG,15,I
IMG_8689.JPG,16,I
IMG_8690.JPG,17,I
IMG_8691.JPG,18,I
IMG_8692.JPG,19,I
IMG_8693.JPG,20,I
IMG_8694.JPG,21,I
IMG_8695.JPG,22,I
IMG_8696.JPG,23,I
IMG_8697.JPG,24,I
IMG_8698.JPG,25,I
IMG_8699.JPG,26,I
IMG_8700.JPG,27,I
IMG_8701.JPG,28,I
IMG_8702.JPG,29,I
IMG_8703.JPG,30,I
IMG_8704.JPG,31,I
IMG_8705.JPG,32,I
IMG_8706.JPG,33,I
IMG_8707.JPG,34,I
IMG_8708.JPG,35,I
IMG_8709.JPG,36,I
IMG_8710.JPG,37,I
IMG_8711.JPG,38,I
IMG_8712.JPG,39,I
IMG_8713.JPG,40,I
IMG_8714.JPG,41,I
IMG_8715.JPG,42,I
IMG_8716.JPG,43,I
IMG_8717.JPG,44,I
IMG_8718.JPG,45,I
IMG_8719.JPG,46,I
IMG_8720.JPG,47,I
IMG_8721.JPG,48,I
IMG_8722.JPG,49,I
IMG_8723.JPG,50,I
IMG_8724.JPG,51,I
IMG_8725.JPG,52,I
IMG_8726.JPG,53,I
IMG_8727.JPG,54,I
IMG_8728.JPG,55,I
IMG_8729.JPG,56,I
IMG_8730.JPG,57,I
IMG_8731.JPG,58,I
IMG_8732.JPG,59,I
IMG_8733.JPG,60,I
IMG_8734.JPG,61,I
IMG_8735.JPG,62,I
IMG_8736.JPG,63,I
IMG_8737.JPG,64,I
IMG_8738.JPG,65,I
IMG_8739.JPG,66,I
IMG_8740.JPG,67,I
IMG_8741.JPG,68,I
IMG_8742.JPG,69,I
IMG_8743.JPG,70,I
IMG_8744.JPG,71,I
IMG_8745.JPG,72,I
IMG_8746.JPG,73,I
IMG_8747.JPG,74,I
IMG_8748.JPG,75,I
IMG_8749.JPG,76,I
IMG_8750.JPG,77,I
IMG_8751.JPG,78,I
IMG_8752.JPG,79,I
IMG_8753.JPG,80,I
IMG_8754.JPG,81,I
IMG_8755.JPG,82,I
IMG_8756.JPG,83,I
IMG_8757.JPG,84,I
IMG_8758.JPG,85,I
IMG_8759.JPG,86,I
IMG_8760.JPG,87,I
IMG_8761.JPG,88,I
IMG_8762.JPG,89,I
IMG_8763.JPG,90,I
IMG_8764.JPG,91,I
IMG_8765.JPG,92,I
IMG_8766.JPG,93,I
IMG_8767.JPG,94,I
IMG_8768.JPG,95,I
IMG_8769.JPG,96,I
IMG_8770.JPG,97,I
IMG_8771.JPG,98,I
IMG_8772.JPG,99,I
IMG_8773.JPG,100,I
IMG_8774.JPG,101,I
IMG_8775.JPG,102,I
IMG_8776.JPG,103,I
IMG_8777.JPG,104,I
IMG_8778.JPG,105,I
IMG_8779.JPG,106,I
IMG_8780.JPG,107,I
IMG_8781.JPG,108,I
IMG_8782.JPG,109,I
IMG_8783.JPG,110,I
IMG_8784.JPG,111,I
IMG_8785.JPG,112,I
IMG_8786.JPG,113,I
IMG_8787.JPG,114,I
IMG_8788.JPG,115,I
IMG_8789.JPG,116,I
IMG_8790.JPG,117,I
IMG_8791.JPG,118,I
IMG_8792.JPG,119,I
IMG_8793.JPG,120,I
IMG_8866.JPG,1,J
IMG_8868.JPG,2,J
IMG_8869.JPG,3,J
IMG_8870.JPG,4,J
IMG_8871.JPG,5,J
IMG_8872.JPG,6,J
IMG_8873.JPG,7,J
IMG_8874.JPG,8,J
IMG_8875.JPG,9,J
IMG_8876.JPG,10,J
IMG_8877.JPG,11,J
IMG_8878.JPG,12,J
IMG_8879.JPG,13,J
IMG_8880.JPG,14,J
IMG_8881.JPG,15,J
IMG_8882.JPG,16,J
IMG_8883.JPG,17,J
IMG_8884.JPG,18,J
IMG_8885.JPG,19,J
IMG_8886.JPG,20,J
IMG_8887.JPG,21,J
IMG_8888.JPG,22,J
IMG_8889.JPG,23,J
IMG_8890.JPG,24,J
IMG_8891.JPG,25,J
IMG_8892.JPG,26,J
IMG_8893.JPG,27,J
IMG_8894.JPG,28,J
IMG_8895.JPG,29,J
IMG_8896.JPG,30,J
IMG_8897.JPG,31,J
IMG_8898.JPG,32,J
IMG_8899.JPG,33,J
IMG_8900.JPG,34,J
IMG_8901.JPG,35,J
IMG_8902.JPG,36,J
IMG_8903.JPG,37,J
IMG_8904.JPG,38,J
IMG_8905.JPG,39,J
IMG_8906.JPG,40,J
IMG_8907.JPG,41,J
IMG_8908.JPG,42,J
IMG_8909.JPG,43,J
IMG_8910.JPG,44,J
IMG_8911.JPG,45,J
IMG_8912.JPG,46,J
IMG_8913.JPG,47,J
IMG_8914.JPG,48,J
IMG_8915.JPG,49,J
IMG_8916.JPG,50,J
IMG_8917.JPG,51,J
IMG_8918.JPG,52,J
IMG_8919.JPG,53,J
IMG_8920.JPG,54,J
IMG_8921.JPG,55,J
IMG_8922.JPG,56,J
IMG_8923.JPG,57,J
IMG_8924.JPG,58,J
IMG_8925.JPG,59,J
IMG_8926.JPG,60,J
IMG_8927.JPG,61,J
IMG_8928.JPG,62,J
IMG_8929.JPG,63,J
IMG_8930.JPG,64,J
IMG_8931.JPG,65,J
IMG_8932.JPG,66,J
IMG_8933.JPG,67,J
IMG_8934.JPG,68,J
IMG_8935.JPG,69,J
IMG_8936.JPG,70,J
IMG_8937.JPG,71,J
IMG_8938.JPG,72,J
IMG_8939.JPG,73,J
IMG_8940.JPG,74,J
IMG_8941.JPG,75,J
IMG_8942.JPG,76,J
IMG_8943.JPG,77,J
IMG_8944.JPG,78,J
IMG_8945.JPG,79,J
IMG_8946.JPG,80,J
IMG_8947.JPG,81,J
IMG_8948.JPG,82,J
IMG_8949.JPG,83,J
IMG_8950.JPG,84,J
IMG_8951.JPG,85,J
IMG_8952.JPG,86,J
IMG_8953.JPG,87,J
IMG_8954.JPG,88,J
IMG_8955.JPG,89,J
IMG_8956.JPG,90,J
IMG_8957.JPG,91,J
IMG_8958.JPG,92,J
IMG_8959.JPG,93,J
IMG_8960.JPG,94,J
IMG_8961.JPG,95,J
IMG_8962.JPG,96,J
IMG_8963.JPG,97,J
IMG_8964.JPG,98,J
IMG_8965.JPG,99,J
IMG_8966.JPG,100,J
IMG_8967.JPG,101,J
IMG_8968.JPG,102,J
IMG_8969.JPG,103,J
IMG_8970.JPG,104,J
IMG_8971.JPG,105,J
IMG_8972.JPG,106,J
IMG_8973.JPG,107,J
IMG_8974.JPG,108,J
IMG_8975.JPG,109,J
IMG_8976.JPG,110,J
IMG_8977.JPG,111,J
IMG_8978.JPG,112,J
IMG_8979.JPG,113,J
IMG_8980.JPG,114,J
IMG_8981.JPG,115,J
IMG_8982.JPG,116,J
IMG_8983.JPG,117,J
IMG_8984.JPG,118,J
IMG_8985.JPG,119,J
IMG_8986.JPG,120,J
IMG_8987.JPG,1,K
IMG_8988.JPG,2,K
IMG_8989.JPG,3,K
IMG_8990.JPG,4,K
IMG_8991.JPG,5,K
IMG_8992.JPG,6,K
IMG_8993.JPG,7,K
IMG_8994.JPG,8,K
IMG_8995.JPG,9,K
IMG_8996.JPG,10,K
IMG_8997.JPG,11,K
IMG_8998.JPG,12,K
IMG_8999.JPG,13,K
IMG_9000.JPG,14,K
IMG_9001.JPG,15,K
IMG_9002.JPG,16,K
IMG_9003.JPG,17,K
IMG_9004.JPG,18,K
IMG_9005.JPG,19,K
IMG_9006.JPG,20,K
IMG_9007.JPG,21,K
IMG_9008.JPG,22,K
IMG_9009.JPG,23,K
IMG_9010.JPG,24,K
IMG_9011.JPG,25,K
IMG_9012.JPG,26,K
IMG_9013.JPG,27,K
IMG_9014.JPG,28,K
IMG_9015.JPG,29,K
IMG_9016.JPG,30,K
IMG_9017.JPG,31,K
IMG_9018.JPG,32,K
IMG_9019.JPG,33,K
IMG_9020.JPG,34,K
IMG_9021.JPG,35,K
IMG_9022.JPG,36,K
IMG_9023.JPG,37,K
IMG_9024.JPG,38,K
IMG_9025.JPG,39,K
IMG_9026.JPG,40,K
IMG_9027.JPG,41,K
IMG_9028.JPG,42,K
IMG_9029.JPG,43,K
IMG_9030.JPG,44,K
IMG_9031.JPG,45,K
IMG_9032.JPG,46,K
IMG_9033.JPG,47,K
IMG_9034.JPG,48,K
IMG_9035.JPG,49,K
IMG_9036.JPG,50,K
IMG_9037.JPG,51,K
IMG_9038.JPG,52,K
IMG_9039.JPG,53,K
IMG_9040.JPG,54,K
IMG_9041.JPG,55,K
IMG_9042.JPG,56,K
IMG_9043.JPG,57,K
IMG_9044.JPG,58,K
IMG_9045.JPG,59,K
IMG_9046.JPG,60,K
IMG_9047.JPG,61,K
IMG_9048.JPG,62,K
IMG_9049.JPG,63,K
IMG_9050.JPG,64,K
IMG_9051.JPG,65,K
IMG_9052.JPG,66,K
IMG_9053.JPG,67,K
IMG_9054.JPG,68,K
IMG_9055.JPG,69,K
IMG_9056.JPG,70,K
IMG_9057.JPG,71,K
IMG_9058.JPG,72,K
IMG_9059.JPG,73,K
IMG_9060.JPG,74,K
IMG_9061.JPG,75,K
IMG_9062.JPG,76,K
IMG_9063.JPG,77,K
IMG_9064.JPG,78,K
IMG_9065.JPG,79,K
IMG_9066.JPG,80,K
IMG_9067.JPG,81,K
IMG_9068.JPG,82,K
IMG_9069.JPG,83,K
IMG_9070.JPG,84,K
IMG_9071.JPG,85,K
IMG_9072.JPG,86,K
IMG_9073.JPG,87,K
IMG_9074.JPG,88,K
IMG_9075.JPG,89,K
IMG_9076.JPG,90,K
IMG_9077.JPG,91,K
IMG_9078.JPG,92,K
IMG_9079.JPG,93,K
IMG_9080.JPG,94,K
IMG_9081.JPG,95,K
IMG_9082.JPG,96,K
IMG_9083.JPG,97,K
IMG_9084.JPG,98,K
IMG_9085.JPG,99,K
IMG_9086.JPG,100,K
IMG_9087.JPG,101,K
IMG_9088.JPG,102,K
IMG_9089.JPG,103,K
IMG_9090.JPG,104,K
IMG_9091.JPG,105,K
IMG_9092.JPG,106,K
IMG_9093.JPG,107,K
IMG_9094.JPG,108,K
IMG_9095.JPG,109,K
IMG_9096.JPG,110,K
IMG_9097.JPG,111,K
IMG_9098.JPG,112,K
IMG_9099.JPG,113,K
IMG_9100.JPG,114,K
IMG_9101.JPG,115,K
IMG_9102.JPG,116,K
IMG_9103.JPG,117,K
IMG_9104.JPG,118,K
IMG_9105.JPG,119,K
IMG_9106.JPG,120,K
IMG_9108.JPG,1,L
IMG_9109.JPG,2,L
IMG_9110.JPG,3,L
IMG_9111.JPG,4,L
IMG_9112.JPG,5,L
IMG_9113.JPG,6,L
IMG_9114.JPG,7,L
IMG_9115.JPG,8,L
IMG_9116.JPG,9,L
IMG_9117.JPG,10,L
IMG_9118.JPG,11,L
IMG_9119.JPG,12,L
IMG_9120.JPG,13,L
IMG_9121.JPG,14,L
IMG_9122.JPG,15,L
IMG_9123.JPG,16,L
IMG_9124.JPG,17,L
IMG_9125.JPG,18,L
IMG_9126.JPG,19,L
IMG_9128.JPG,20,L
IMG_9129.JPG,21,L
IMG_9130.JPG,22,L
IMG_9131.JPG,23,L
IMG_9132.JPG,24,L
IMG_9133.JPG,25,L
IMG_9134.JPG,26,L
IMG_9135.JPG,27,L
IMG_9136.JPG,28,L
IMG_9137.JPG,29,L
IMG_9138.JPG,30,L
IMG_9139.JPG,31,L
IMG_9140.JPG,32,L
IMG_9141.JPG,33,L
IMG_9142.JPG,34,L
IMG_9143.JPG,35,L
IMG_9144.JPG,36,L
IMG_9145.JPG,37,L
IMG_9146.JPG,38,L
IMG_9147.JPG,39,L
IMG_9148.JPG,40,L
IMG_9149.JPG,41,L
IMG_9150.JPG,42,L
IMG_9151.JPG,43,L
IMG_9152.JPG,44,L
IMG_9153.JPG,45,L
IMG_9154.JPG,46,L
IMG_9155.JPG,47,L
IMG_9156.JPG,48,L
IMG_9157.JPG,49,L
IMG_9158.JPG,50,L
IMG_9159.JPG,51,L
IMG_9160.JPG,52,L
IMG_9161.JPG,53,L
IMG_9162.JPG,54,L
IMG_9163.JPG,55,L
IMG_9164.JPG,56,L
IMG_9165.JPG,57,L
IMG_9166.JPG,58,L
IMG_9167.JPG,59,L
IMG_9168.JPG,60,L
IMG_9169.JPG,61,L
IMG_9170.JPG,62,L
IMG_9171.JPG,63,L
IMG_9172.JPG,64,L
IMG_9173.JPG,65,L
IMG_9174.JPG,66,L
IMG_9175.JPG,67,L
IMG_9176.JPG,68,L
IMG_9177.JPG,69,L
IMG_9178.JPG,70,L
IMG_9179.JPG,71,L
IMG_9180.JPG,72,L
IMG_9181.JPG,73,L
IMG_9182.JPG,74,L
IMG_9183.JPG,75,L
IMG_9184.JPG,76,L
IMG_9185.JPG,77,L
IMG_9186.JPG,78,L
IMG_9187.JPG,79,L
IMG_9188.JPG,80,L
IMG_9189.JPG,81,L
IMG_9190.JPG,82,L
IMG_9191.JPG,83,L
IMG_9192.JPG,84,L
IMG_9193.JPG,85,L
IMG_9194.JPG,86,L
IMG_9195.JPG,87,L
IMG_9196.JPG,88,L
IMG_9198.JPG,89,L
IMG_9199.JPG,90,L
IMG_9200.JPG,91,L
IMG_9201.JPG,92,L
IMG_9202.JPG,93,L
IMG_9203.JPG,94,L
IMG_9204.JPG,95,L
IMG_9205.JPG,96,L
IMG_9206.JPG,97,L
IMG_9207.JPG,98,L
IMG_9208.JPG,99,L
IMG_9209.JPG,100,L
IMG_9210.JPG,101,L
IMG_9211.JPG,102,L
IMG_9212.JPG,103,L
IMG_9213.JPG,104,L
IMG_9214.JPG,105,L
IMG_9215.JPG,106,L
IMG_9216.JPG,107,L
IMG_9217.JPG,108,L
IMG_9218.JPG,109,L
IMG_9219.JPG,110,L
IMG_9220.JPG,111,L
IMG_9221.JPG,112,L
IMG_9222.JPG,113,L
IMG_9223.JPG,114,L
IMG_9224.JPG,115,L
IMG_9225.JPG,116,L
IMG_9226.JPG,117,L
IMG_9227.JPG,118,L
IMG_9228.JPG,119,L
IMG_9229.JPG,120,L
IMG_9346.JPG,1,M
IMG_9347.JPG,2,M
IMG_9348.JPG,3,M
IMG_9349.JPG,4,M
IMG_9350.JPG,5,M
IMG_9351.JPG,6,M
IMG_9352.JPG,7,M
IMG_9353.JPG,8,M
IMG_9354.JPG,9,M
IMG_9355.JPG,10,M
IMG_9356.JPG,11,M
IMG_9357.JPG,12,M
IMG_9358.JPG,13,M
IMG_9359.JPG,14,M
IMG_9360.JPG,15,M
IMG_9361.JPG,16,M
IMG_9362.JPG,17,M
IMG_9363.JPG,18,M
IMG_9364.JPG,19,M
IMG_9365.JPG,20,M
IMG_9366.JPG,21,M
IMG_9367.JPG,22,M
IMG_9368.JPG,23,M
IMG_9369.JPG,24,M
IMG_9370.JPG,25,M
IMG_9371.JPG,26,M
IMG_9372.JPG,27,M
IMG_9373.JPG,28,M
IMG_9374.JPG,29,M
IMG_9375.JPG,30,M
IMG_9376.JPG,31,M
IMG_9377.JPG,32,M
IMG_9378.JPG,33,M
IMG_9379.JPG,34,M
IMG_9380.JPG,35,M
IMG_9381.JPG,36,M
IMG_9382.JPG,37,M
IMG_9383.JPG,38,M
IMG_9384.JPG,39,M
IMG_9385.JPG,40,M
IMG_9386.JPG,41,M
IMG_9387.JPG,42,M
IMG_9388.JPG,43,M
IMG_9389.JPG,44,M
IMG_9390.JPG,45,M
IMG_9391.JPG,46,M
IMG_9392.JPG,47,M
IMG_9393.JPG,48,M
IMG_9394.JPG,49,M
IMG_9395.JPG,50,M
IMG_9396.JPG,51,M
IMG_9397.JPG,52,M
IMG_9398.JPG,53,M
IMG_9399.JPG,54,M
IMG_9400.JPG,55,M
IMG_9401.JPG,56,M
IMG_9402.JPG,57,M
IMG_9403.JPG,58,M
IMG_9404.JPG,59,M
IMG_9405.JPG,60,M
IMG_9406.JPG,61,M
IMG_9407.JPG,62,M
IMG_9408.JPG,63,M
IMG_9409.JPG,64,M
IMG_9410.JPG,65,M
IMG_9411.JPG,66,M
IMG_9412.JPG,67,M
IMG_9413.JPG,68,M
IMG_9414.JPG,69,M
IMG_9415.JPG,70,M
IMG_9416.JPG,71,M
IMG_9417.JPG,72,M
IMG_9418.JPG,73,M
IMG_9419.JPG,74,M
IMG_9420.JPG,75,M
IMG_9421.JPG,76,M
IMG_9422.JPG,77,M
IMG_9423.JPG,78,M
IMG_9424.JPG,79,M
IMG_9425.JPG,80,M
IMG_9426.JPG,81,M
IMG_9427.JPG,82,M
IMG_9428.JPG,83,M
IMG_9429.JPG,84,M
IMG_9430.JPG,85,M
IMG_9431.JPG,86,M
IMG_9432.JPG,87,M
IMG_9433.JPG,88,M
IMG_9434.JPG,89,M
IMG_9435.JPG,90,M
IMG_9436.JPG,91,M
IMG_9437.JPG,92,M
IMG_9438.JPG,93,M
IMG_9439.JPG,94,M
IMG_9440.JPG,95,M
IMG_9441.JPG,96,M
IMG_9442.JPG,97,M
IMG_9443.JPG,98,M
IMG_9444.JPG,99,M
IMG_9445.JPG,100,M
IMG_9446.JPG,101,M
IMG_9447.JPG,102,M
IMG_9448.JPG,103,M
IMG_9449.JPG,104,M
IMG_9450.JPG,105,M
IMG_9451.JPG,106,M
IMG_9452.JPG,107,M
IMG_9453.JPG,108,M
IMG_9454.JPG,109,M
IMG_9455.JPG,110,M
IMG_9456.JPG,111,M
IMG_9457.JPG,112,M
IMG_9458.JPG,113,M
IMG_9459.JPG,114,M
IMG_9460.JPG,115,M
IMG_9461.JPG,116,M
IMG_9462.JPG,117,M
IMG_9463.JPG,118,M
IMG_9464.JPG,119,M
IMG_9465.JPG,120,M
IMG_9466.JPG,1,N
IMG_9467.JPG,2,N
IMG_9468.JPG,3,N
IMG_9469.JPG,4,N
IMG_9470.JPG,5,N
IMG_9471.JPG,6,N
IMG_9472.JPG,7,N
IMG_9473.JPG,8,N
IMG_9474.JPG,9,N
IMG_9475.JPG,10,N
IMG_9476.JPG,11,N
IMG_9477.JPG,12,N
IMG_9478.JPG,13,N
IMG_9479.JPG,14,N
IMG_9480.JPG,15,N
IMG_9481.JPG,16,N
IMG_9482.JPG,17,N
IMG_9483.JPG,18,N
IMG_9484.JPG,19,N
IMG_9485.JPG,20,N
IMG_9486.JPG,21,N
IMG_9487.JPG,22,N
IMG_9488.JPG,23,N
IMG_9489.JPG,24,N
IMG_9490.JPG,25,N
IMG_9491.JPG,26,N
IMG_9492.JPG,27,N
IMG_9493.JPG,28,N
IMG_9494.JPG,29,N
IMG_9495.JPG,30,N
IMG_9496.JPG,31,N
IMG_9497.JPG,32,N
IMG_9498.JPG,33,N
IMG_9499.JPG,34,N
IMG_9500.JPG,35,N
IMG_9501.JPG,36,N
IMG_9502.JPG,37,N
IMG_9503.JPG,38,N
IMG_9504.JPG,39,N
IMG_9505.JPG,40,N
IMG_9506.JPG,41,N
IMG_9507.JPG,42,N
IMG_9508.JPG,43,N
IMG_9509.JPG,44,N
IMG_9510.JPG,45,N
IMG_9511.JPG,46,N
IMG_9512.JPG,47,N
IMG_9513.JPG,48,N
IMG_9514.JPG,49,N
IMG_9515.JPG,50,N
IMG_9516.JPG,51,N
IMG_9517.JPG,52,N
IMG_9518.JPG,53,N
IMG_9519.JPG,54,N
IMG_9520.JPG,55,N
IMG_9521.JPG,56,N
IMG_9522.JPG,57,N
IMG_9523.JPG,58,N
IMG_9524.JPG,59,N
IMG_9525.JPG,60,N
IMG_9526.JPG,61,N
IMG_9527.JPG,62,N
IMG_9528.JPG,63,N
IMG_9529.JPG,64,N
IMG_9530.JPG,65,N
IMG_9531.JPG,66,N
IMG_9532.JPG,67,N
IMG_9533.JPG,68,N
IMG_9534.JPG,69,N
IMG_9535.JPG,70,N
IMG_9536.JPG,71,N
IMG_9537.JPG,72,N
IMG_9538.JPG,73,N
IMG_9539.JPG,74,N
IMG_9540.JPG,75,N
IMG_9541.JPG,76,N
IMG_9542.JPG,77,N
IMG_9543.JPG,78,N
IMG_9544.JPG,79,N
IMG_9545.JPG,80,N
IMG_9546.JPG,81,N
IMG_9547.JPG,82,N
IMG_9548.JPG,83,N
IMG_9549.JPG,84,N
IMG_9550.JPG,85,N
IMG_9551.JPG,86,N
IMG_9552.JPG,87,N
IMG_9553.JPG,88,N
IMG_9554.JPG,89,N
IMG_9555.JPG,90,N
IMG_9556.JPG,91,N
IMG_9557.JPG,92,N
IMG_9558.JPG,93,N
IMG_9559.JPG,94,N
IMG_9560.JPG,95,N
IMG_9561.JPG,96,N
IMG_9562.JPG,97,N
IMG_9563.JPG,98,N
IMG_9564.JPG,99,N
IMG_9565.JPG,100,N
IMG_9566.JPG,101,N
IMG_9567.JPG,102,N
IMG_9568.JPG,103,N
IMG_9569.JPG,104,N
IMG_9570.JPG,105,N
IMG_9571.JPG,106,N
IMG_9572.JPG,107,N
IMG_9573.JPG,108,N
IMG_9574.JPG,109,N
IMG_9575.JPG,110,N
IMG_9576.JPG,111,N
IMG_9577.JPG,112,N
IMG_9578.JPG,113,N
IMG_9579.JPG,114,N
IMG_9580.JPG,115,N
IMG_9581.JPG,116,N
IMG_9582.JPG,117,N
IMG_9583.JPG,118,N
IMG_9584.JPG,119,N
IMG_9585.JPG,120,N
IMG_9586.JPG,1,O
IMG_9587.JPG,2,O
IMG_9588.JPG,3,O
IMG_9589.JPG,4,O
IMG_9590.JPG,5,O
IMG_9591.JPG,6,O
IMG_9592.JPG,7,O
IMG_9593.JPG,8,O
IMG_9594.JPG,9,O
IMG_9595.JPG,10,O
IMG_9596.JPG,11,O
IMG_9597.JPG,12,O
IMG_9598.JPG,13,O
IMG_9599.JPG,14,O
IMG_9600.JPG,15,O
IMG_9601.JPG,16,O
IMG_9602.JPG,17,O
IMG_9603.JPG,18,O
IMG_9604.JPG,19,O
IMG_9605.JPG,20,O
IMG_9606.JPG,21,O
IMG_9607.JPG,22,O
IMG_9608.JPG,23,O
IMG_9609.JPG,24,O
IMG_9610.JPG,25,O
IMG_9611.JPG,26,O
IMG_9612.JPG,27,O
IMG_9613.JPG,28,O
IMG_9614.JPG,29,O
IMG_9615.JPG,30,O
IMG_9616.JPG,31,O
IMG_9617.JPG,32,O
IMG_9618.JPG,33,O
IMG_9619.JPG,34,O
IMG_9620.JPG,35,O
IMG_9621.JPG,36,O
IMG_9622.JPG,37,O
IMG_9623.JPG,38,O
IMG_9624.JPG,39,O
IMG_9625.JPG,40,O
IMG_9626.JPG,41,O
IMG_9627.JPG,42,O
IMG_9628.JPG,43,O
IMG_9629.JPG,44,O
IMG_9630.JPG,45,O
IMG_9631.JPG,46,O
IMG_9632.JPG,47,O
IMG_9633.JPG,48,O
IMG_9634.JPG,49,O
IMG_9635.JPG,50,O
IMG_9636.JPG,51,O
IMG_9637.JPG,52,O
IMG_9638.JPG,53,O
IMG_9639.JPG,54,O
IMG_9640.JPG,55,O
IMG_9641.JPG,56,O
IMG_9642.JPG,57,O
IMG_9643.JPG,58,O
IMG_9644.JPG,59,O
IMG_9645.JPG,60,O
IMG_9646.JPG,61,O
IMG_9647.JPG,62,O
IMG_9648.JPG,63,O
IMG_9649.JPG,64,O
IMG_9650.JPG,65,O
IMG_9651.JPG,66,O
IMG_9652.JPG,67,O
IMG_9653.JPG,68,O
IMG_9654.JPG,69,O
IMG_9655.JPG,70,O
IMG_9656.JPG,71,O
IMG_9657.JPG,72,O
IMG_9658.JPG,73,O
IMG_9659.JPG,74,O
IMG_9660.JPG,75,O
IMG_9661.JPG,76,O
IMG_9662.JPG,77,O
IMG_9663.JPG,78,O
IMG_9664.JPG,79,O
IMG_9665.JPG,80,O
IMG_9666.JPG,81,O
IMG_9667.JPG,82,O
IMG_9668.JPG,83,O
IMG_9669.JPG,84,O
IMG_9670.JPG,85,O
IMG_9671.JPG,86,O
IMG_9672.JPG,87,O
IMG_9673.JPG,88,O
IMG_9674.JPG,89,O
IMG_9675.JPG,90,O
IMG_9676.JPG,91,O
IMG_9677.JPG,92,O
IMG_9678.JPG,93,O
IMG_9679.JPG,94,O
IMG_9680.JPG,95,O
IMG_9681.JPG,96,O
IMG_9682.JPG,97,O
IMG_9683.JPG,98,O
IMG_9684.JPG,99,O
IMG_9685.JPG,100,O
IMG_9686.JPG,101,O
IMG_9687.JPG,102,O
IMG_9688.JPG,103,O
IMG_9689.JPG,104,O
IMG_9690.JPG,105,O
IMG_9691.JPG,106,O
IMG_9692.JPG,107,O
IMG_9693.JPG,108,O
IMG_9694.JPG,109,O
IMG_9695.JPG,110,O
IMG_9696.JPG,111,O
IMG_9697.JPG,112,O
IMG_9698.JPG,113,O
IMG_9699.JPG,114,O
IMG_9700.JPG,115,O
IMG_9701.JPG,116,O
IMG_9702.JPG,117,O
IMG_9703.JPG,118,O
IMG_9704.JPG,119,O
IMG_9705.JPG,120,O
IMG_9706.JPG,1,P
IMG_9707.JPG,2,P
IMG_9708.JPG,3,P
IMG_9709.JPG,4,P
IMG_9710.JPG,5,P
IMG_9711.JPG,6,P
IMG_9712.JPG,7,P
IMG_9713.JPG,8,P
IMG_9714.JPG,9,P
IMG_9715.JPG,10,P
IMG_9716.JPG,11,P
IMG_9717.JPG,12,P
IMG_9718.JPG,13,P
IMG_9719.JPG,14,P
IMG_9720.JPG,15,P
IMG_9721.JPG,16,P
IMG_9722.JPG,17,P
IMG_9723.JPG,18,P
IMG_9724.JPG,19,P
IMG_9725.JPG,20,P
IMG_9726.JPG,21,P
IMG_9727.JPG,22,P
IMG_9728.JPG,23,P
IMG_9729.JPG,24,P
IMG_9730.JPG,25,P
IMG_9731.JPG,26,P
IMG_9732.JPG,27,P
IMG_9733.JPG,28,P
IMG_9734.JPG,29,P
IMG_9735.JPG,30,P
IMG_9736.JPG,31,P
IMG_9737.JPG,32,P
IMG_9738.JPG,33,P
IMG_9739.JPG,34,P
IMG_9740.JPG,35,P
IMG_9741.JPG,36,P
IMG_9742.JPG,37,P
IMG_9743.JPG,38,P
IMG_9744.JPG,39,P
IMG_9745.JPG,40,P
IMG_9746.JPG,41,P
IMG_9747.JPG,42,P
IMG_9748.JPG,43,P
IMG_9749.JPG,44,P
IMG_9750.JPG,45,P
IMG_9751.JPG,46,P
IMG_9752.JPG,47,P
IMG_9753.JPG,48,P
IMG_9754.JPG,49,P
IMG_9755.JPG,50,P
IMG_9756.JPG,51,P
IMG_9757.JPG,52,P
IMG_9758.JPG,53,P
IMG_9759.JPG,54,P
IMG_9760.JPG,55,P
IMG_9761.JPG,56,P
IMG_9762.JPG,57,P
IMG_9763.JPG,58,P
IMG_9764.JPG,59,P
IMG_9765.JPG,60,P
IMG_9766.JPG,61,P
IMG_9767.JPG,62,P
IMG_9768.JPG,63,P
IMG_9769.JPG,64,P
IMG_9770.JPG,65,P
IMG_9771.JPG,66,P
IMG_9772.JPG,67,P
IMG_9773.JPG,68,P
IMG_9774.JPG,69,P
IMG_9775.JPG,70,P
IMG_9776.JPG,71,P
IMG_9777.JPG,72,P
IMG_9778.JPG,73,P
IMG_9779.JPG,74,P
IMG_9780.JPG,75,P
IMG_9781.JPG,76,P
IMG_9782.JPG,77,P
IMG_9783.JPG,78,P
IMG_9784.JPG,79,P
IMG_9785.JPG,80,P
IMG_9786.JPG,81,P
IMG_9787.JPG,82,P
IMG_9788.JPG,83,P
IMG_9789.JPG,84,P
IMG_9790.JPG,85,P
IMG_9791.JPG,86,P
IMG_9792.JPG,87,P
IMG_9793.JPG,88,P
IMG_9794.JPG,89,P
IMG_9795.JPG,90,P
IMG_9796.JPG,91,P
IMG_9797.JPG,92,P
IMG_9798.JPG,93,P
IMG_9799.JPG,94,P
IMG_9800.JPG,95,P
IMG_9801.JPG,96,P
IMG_9802.JPG,97,P
IMG_9803.JPG,98,P
IMG_9804.JPG,99,P
IMG_9805.JPG,100,P
IMG_9806.JPG,101,P
IMG_9807.JPG,102,P
IMG_9808.JPG,103,P
IMG_9809.JPG,104,P
IMG_9810.JPG,105,P
IMG_9811.JPG,106,P
IMG_9812.JPG,107,P
IMG_9813.JPG,108,P
IMG_9814.JPG,109,P
IMG_9815.JPG,110,P
IMG_9816.JPG,111,P
IMG_9817.JPG,112,P
IMG_9818.JPG,113,P
IMG_9819.JPG,114,P
IMG_9820.JPG,115,P
IMG_9821.JPG,116,P
IMG_9822.JPG,117,P
IMG_9823.JPG,118,P
IMG_9824.JPG,119,P
IMG_9825.JPG,120,P
IMG_9875.JPG,1,Q
IMG_9876.JPG,2,Q
IMG_9877.JPG,3,Q
IMG_9878.JPG,4,Q
IMG_9879.JPG,5,Q
IMG_9880.JPG,6,Q
IMG_9881.JPG,7,Q
IMG_9882.JPG,8,Q
IMG_9883.JPG,9,Q
IMG_9884.JPG,10,Q
IMG_9885.JPG,11,Q
IMG_9886.JPG,12,Q
IMG_9887.JPG,13,Q
IMG_9888.JPG,14,Q
IMG_9889.JPG,15,Q
IMG_9890.JPG,16,Q
IMG_9891.JPG,17,Q
IMG_9892.JPG,18,Q
IMG_9893.JPG,19,Q
IMG_9894.JPG,20,Q
IMG_9895.JPG,21,Q
IMG_9896.JPG,22,Q
IMG_9897.JPG,23,Q
IMG_9898.JPG,24,Q
IMG_9899.JPG,25,Q
IMG_9900.JPG,26,Q
IMG_9901.JPG,27,Q
IMG_9902.JPG,28,Q
IMG_9903.JPG,29,Q
IMG_9904.JPG,30,Q
IMG_9905.JPG,31,Q
IMG_9906.JPG,32,Q
IMG_9907.JPG,33,Q
IMG_9908.JPG,34,Q
IMG_9909.JPG,35,Q
IMG_9910.JPG,36,Q
IMG_9911.JPG,37,Q
IMG_9912.JPG,38,Q
IMG_9913.JPG,39,Q
IMG_9914.JPG,40,Q
IMG_9915.JPG,41,Q
IMG_9916.JPG,42,Q
IMG_9917.JPG,43,Q
IMG_9918.JPG,44,Q
IMG_9919.JPG,45,Q
IMG_9920.JPG,46,Q
IMG_9921.JPG,47,Q
IMG_9922.JPG,48,Q
IMG_9923.JPG,49,Q
IMG_9924.JPG,50,Q
IMG_9925.JPG,51,Q
IMG_9926.JPG,52,Q
IMG_9927.JPG,53,Q
IMG_9928.JPG,54,Q
IMG_9929.JPG,55,Q
IMG_9930.JPG,56,Q
IMG_9931.JPG,57,Q
IMG_9932.JPG,58,Q
IMG_9933.JPG,59,Q
IMG_9934.JPG,60,Q
IMG_9935.JPG,61,Q
IMG_9936.JPG,62,Q
IMG_9937.JPG,63,Q
IMG_9938.JPG,64,Q
IMG_9939.JPG,65,Q
IMG_9940.JPG,66,Q
IMG_9941.JPG,67,Q
IMG_9942.JPG,68,Q
IMG_9943.JPG,69,Q
IMG_9944.JPG,70,Q
IMG_9945.JPG,71,Q
IMG_9946.JPG,72,Q
IMG_9947.JPG,73,Q
IMG_9948.JPG,74,Q
IMG_9949.JPG,75,Q
IMG_9950.JPG,76,Q
IMG_9951.JPG,77,Q
IMG_9952.JPG,78,Q
IMG_9953.JPG,79,Q
IMG_9954.JPG,80,Q
IMG_9955.JPG,81,Q
IMG_9956.JPG,82,Q
IMG_9957.JPG,83,Q
IMG_9958.JPG,84,Q
IMG_9959.JPG,85,Q
IMG_9960.JPG,86,Q
IMG_9961.JPG,87,Q
IMG_9962.JPG,88,Q
IMG_9963.JPG,89,Q
IMG_9964.JPG,90,Q
IMG_9965.JPG,91,Q
IMG_9966.JPG,92,Q
IMG_9967.JPG,93,Q
IMG_9968.JPG,94,Q
IMG_9969.JPG,95,Q
IMG_9970.JPG,96,Q
IMG_9971.JPG,97,Q
IMG_9972.JPG,98,Q
IMG_9973.JPG,99,Q
IMG_9974.JPG,100,Q
IMG_9975.JPG,101,Q
IMG_9976.JPG,102,Q
IMG_9977.JPG,103,Q
IMG_9978.JPG,104,Q
IMG_9979.JPG,105,Q
IMG_9980.JPG,106,Q
IMG_9981.JPG,107,Q
IMG_9982.JPG,108,Q
IMG_9983.JPG,109,Q
IMG_9984.JPG,110,Q
IMG_9985.JPG,111,Q
IMG_9986.JPG,112,Q
IMG_9987.JPG,113,Q
IMG_9988.JPG,114,Q
IMG_9989.JPG,115,Q
IMG_9990.JPG,116,Q
IMG_9991.JPG,117,Q
IMG_9992.JPG,118,Q
IMG_9993.JPG,119,Q
IMG_9994.JPG,120,Q
IMG_0340.JPG,1,R
IMG_0341.JPG,2,R
IMG_0342.JPG,3,R
IMG_0343.JPG,4,R
IMG_0344.JPG,5,R
IMG_0345.JPG,6,R
IMG_0346.JPG,7,R
IMG_0347.JPG,8,R
IMG_0348.JPG,9,R
IMG_0349.JPG,10,R
IMG_0350.JPG,11,R
IMG_0351.JPG,12,R
IMG_0352.JPG,13,R
IMG_0353.JPG,14,R
IMG_0354.JPG,15,R
IMG_0355.JPG,16,R
IMG_0357.JPG,17,R
IMG_0358.JPG,18,R
IMG_0359.JPG,19,R
IMG_0360.JPG,20,R
IMG_0361.JPG,21,R
IMG_0362.JPG,22,R
IMG_0363.JPG,23,R
IMG_0364.JPG,24,R
IMG_0365.JPG,25,R
IMG_0366.JPG,26,R
IMG_0367.JPG,27,R
IMG_0368.JPG,28,R
IMG_0369.JPG,29,R
IMG_0370.JPG,30,R
IMG_0371.JPG,31,R
IMG_0372.JPG,32,R
IMG_0373.JPG,33,R
IMG_0374.JPG,34,R
IMG_0375.JPG,35,R
IMG_0376.JPG,36,R
IMG_0377.JPG,37,R
IMG_0378.JPG,38,R
IMG_0379.JPG,39,R
IMG_0380.JPG,40,R
IMG_0381.JPG,41,R
IMG_0382.JPG,42,R
IMG_0383.JPG,43,R
IMG_0384.JPG,44,R
IMG_0385.JPG,45,R
IMG_0386.JPG,46,R
IMG_0387.JPG,47,R
IMG_0388.JPG,48,R
IMG_0389.JPG,49,R
IMG_0390.JPG,50,R
IMG_0391.JPG,51,R
IMG_0392.JPG,52,R
IMG_0393.JPG,53,R
IMG_0394.JPG,54,R
IMG_0395.JPG,55,R
IMG_0396.JPG,56,R
IMG_0403.JPG,63,R
IMG_0404.JPG,64,R
IMG_0405.JPG,65,R
IMG_0406.JPG,66,R
IMG_0407.JPG,67,R
IMG_0408.JPG,68,R
IMG_0409.JPG,69,R
IMG_0410.JPG,70,R
IMG_0411.JPG,71,R
IMG_0412.JPG,72,R
IMG_0413.JPG,73,R
IMG_0414.JPG,74,R
IMG_0415.JPG,75,R
IMG_0416.JPG,76,R
IMG_0417.JPG,77,R
IMG_0418.JPG,78,R
IMG_0419.JPG,79,R
IMG_0420.JPG,80,R
IMG_0421.JPG,81,R
IMG_0422.JPG,82,R
IMG_0423.JPG,83,R
IMG_0424.JPG,84,R
IMG_0425.JPG,85,R
IMG_0426.JPG,86,R
IMG_0427.JPG,87,R
IMG_0428.JPG,88,R
IMG_0429.JPG,89,R
IMG_0430.JPG,90,R
IMG_0431.JPG,91,R
IMG_0432.JPG,92,R
IMG_0433.JPG,93,R
IMG_0434.JPG,94,R
IMG_0435.JPG,95,R
IMG_0436.JPG,96,R
IMG_0437.JPG,97,R
IMG_0438.JPG,98,R
IMG_0439.JPG,99,R
IMG_0440.JPG,100,R
IMG_0441.JPG,101,R
IMG_0442.JPG,102,R
IMG_0443.JPG,103,R
IMG_0444.JPG,104,R
IMG_0445.JPG,105,R
IMG_0446.JPG,106,R
IMG_0447.JPG,107,R
IMG_0448.JPG,108,R
IMG_0449.JPG,109,R
IMG_0450.JPG,110,R
IMG_0451.JPG,111,R
IMG_0452.JPG,112,R
IMG_0453.JPG,113,R
IMG_0454.JPG,114,R
IMG_0455.JPG,115,R
IMG_0456.JPG,116,R
IMG_0457.JPG,117,R
IMG_0458.JPG,118,R
IMG_0459.JPG,119,R
IMG_0460.JPG,120,R
IMG_0461.JPG,1,S
IMG_0462.JPG,2,S
IMG_0463.JPG,3,S
IMG_0464.JPG,4,S
IMG_0465.JPG,5,S
IMG_0466.JPG,6,S
IMG_0467.JPG,7,S
IMG_0468.JPG,8,S
IMG_0469.JPG,9,S
IMG_0470.JPG,10,S
IMG_0471.JPG,11,S
IMG_0472.JPG,12,S
IMG_0473.JPG,13,S
IMG_0474.JPG,14,S
IMG_0475.JPG,15,S
IMG_0476.JPG,16,S
IMG_0477.JPG,17,S
IMG_0478.JPG,18,S
IMG_0479.JPG,19,S
IMG_0480.JPG,20,S
IMG_0481.JPG,21,S
IMG_0482.JPG,22,S
IMG_0483.JPG,23,S
IMG_0484.JPG,24,S
IMG_0485.JPG,25,S
IMG_0486.JPG,26,S
IMG_0487.JPG,27,S
IMG_0488.JPG,28,S
